contract_address,unique_id

b'gAAAAABp7cDkKptuwD47-EvgnFZRF1bil61YFd4U-iIpo-cGd8UyjUoEdIpBxVlO_6sf-57CjPeKIfb_q6KH3ZY4ByU2F0Lxn18V1olR83eOEpUkAwNbvh6PKSW4lUbD_uUYhjKiNcRJ',b'gAAAAABp7cDk4bJ60pHTu9iLnZlNDabaaaNBk6oia9tVqBIVXKvxx5tJmW5wCspUMuVDYKCNRvS1DpQMtLZAO11Z8b7gtvq1bb0oZDBKnD9aPFicLaeGMpsaG_2dY6_D0E4m0CtcOIdk'
b'gAAAAABp7cKWeoJdm4BpO2LKlURA3a9vhmBghRxQe_Z_ozYN0-_16AI4JeNqRnD6EYr-XNWNtTGpIP9A5nYsnUuqeo4uAa_k5kZpEhndJKKKaXs13-YoH7JY33YPcw7NPK2JR8etn0lu',b'gAAAAABp7cKWTLTmRDtKdiOtWlf2D2vaHX4AKUj_ak_S1v-Em6jX7vkaZQ-NcN1Zr8O2xR0N2MePOdwXZKLp58B2WqSjbdwyPEVA75ISUUh6TuIctSCKY-O3dbp2102nPPaZY4IAqHyt'
b'gAAAAABp7dym65XeFwZeKB-fypXXfaWjYb4TjyAF87bUYDWvKVbw7bnrJd-7kZ2U_uf6yRpSfgUd8yksVraYU5kSscR6bPGWitLHiK1LyCRdQRE5lORRVhYO5LjqnI_nWBblWD9XLPBw',b'gAAAAABp7dymtHEnaV5ngEjRxKVfRbea4KVI0XyWcGjXOR2F7f6HBApwgP8OYYS9f6CkS_kJnK25vq55LsnR-6oOYekQ104Kj-q9BrsLbGCJOa2HiU08yYASVtOTdaJO9xsYAdBn3Wkv'
b'gAAAAABp7d5w64FbXrbEO9VAlhRIXNGjKv4wbn1qAzrhybyDa-eiQteQ1nOFqjINrmc6bhQQeDhtjAPdKVh9tPRWjH88hSOH6tA77EhtUw1BBxBwp0DjjnFbQc1jFouKkpVM9nlOkbXr',b'gAAAAABp7d5w5aHWLy4xNniBxe9fSWJLPn0GQ8kmvVql0dpUlYZrit-e8G-AP81gkSvQxS9KwFdXv_2aWIh7hGZZt7yGNO8KBILJ-SsFNMWhw3U8YH2xu-3R4dZQVhq9AyHrSvCmxKjD'
b'gAAAAABp7io5N_w-kcf2sT2ArFMeXpslDsu5Dv1l4DXR26DHVfcus6WMCQmLhuViwJ8FN1cyG2esIr869VlF5qnAID0ULn2uo4J-eCooCP8G0-YU6DdItgQVRPMgRZL5EsKUekCv2w6j',b'gAAAAABp7io5aOjABTT596Ijr6EUfJ4gA02i5liPe6gDHSDMfVPowYd0In7x3zv66wtW1kGqypiysoIns2WAECa5fC8sif9MjmSm0n-zTaCNyqBB6O8Lvn6h8NgQcwePmhVbcodFBRaS'
b'gAAAAABp7isjUZE7kTRMAn802j7RxsR3cGtF5ZHjxDrNe2gxV7yHOPBi-7FJ793_tZxpmR0YwuwrpkzUdXWMVZCfVIJrj3QxBEYoWP8pimKrMVca7_8dYRWp-rqu4YMSoLlxX8Mo0wAp',b'gAAAAABp7isjZA1xVIw6Kfjgj8g6o_YAOcVodUJb_15p0oEqh3MaelpjdQeQgaCea8qnbfwAkNPDaQaWzxpyzDPwfGPjwvlUALog8UNRbcIk0w0i3lR7DBAapb_Dq3OE6C67fgMyGQF5'
b'gAAAAABp7it2oa8t0YblTLSpS93Q8kq2kK26vfylLJzxRgwb7hZ5O40aAkNTNWHurvwEs8LoMTO5faK3y4wiv2NNxRsJnP8WqhK7fJbbmVFkyembwK_fy30hw0aHOjjSm6-QsPJt8q7x',b'gAAAAABp7it2FoMXRVsCLbuZOP5PGsyEWEsPM3ibG2n5AnUaJ-djg545hTqot_WHQvoyzCdia1rnnEchpqZ1v3KNc3kn10qXtZgiI99bT-df2nnr22ggwIpRsY78G3xqnqf-0y8LuXSN'
b'gAAAAABp9iJQQ-SWIrARkMLECsxlR-YBwwH5oQsl7VDjR0Tt8izKSFe3s8wY53d4KprehfwxED3LG01tPTlZOwEGuGM2u5_JS09y3OWqO4F53rtRbtcYydToBMT_pAVKgWvSHqz1zNEb',b'gAAAAABp9iJQOgCOC49zLsIPjykGB8OUkdLjUNkC_LdnkyWBXLXSPn-xM-Pv0TPwyk8sejR7H7eXFd1qSyhN6gaAjBp3OwgPcogfUzT8oRMeQC0txM5mH3iSA4wc2JinrUmBhMaee4YA'
b'gAAAAABp9iL6nNisIxVZooIatoA-LNWmw1WuZ7ADgE2GSTpreh9drGYSqc8YjmdafNs3u-6GBVfjqalWxGkvLp6_WFGnWta-MFcdSHCS1v_PicfAg2GGqh13aCdOGT5xSJgmYu8FjR-v',b'gAAAAABp9iL6ElUrbghG_95w_4gZ0O1-k9v5of8k1D4uiiPjgI3A6HWJe7nNFKVklqqACmjJ540AIBaHFjLlU9w_apI1Nsdy2fvrehPTjWyXbtqkqFcQHXMP7TBuqyYfFRYShBV62IfF'
b'gAAAAABp-gWxIQLrPOWh9-b_SnYvMaQKO8LRJ4UHJbLgkMT6hENQASFgn7zE9isAxhcZ8xAldan-rCYiZ0XHH3g_2fhgY1SfbH8GfOT0_nct28LnQlEjfT3bR4Dydej249UwiZMCALci',b'gAAAAABp-gWx0_E8soWBrf858otOopwVJCmddqgHFXXGqbLKRCuBF302XZjy9q3BmE1Btr0vPvIwCtThDq3-AW1Hxof8W-IXB6B5S-HlHXb9eMaWsy30_6I3fvk1ufJUWc-ohVoq6HTI'
b'gAAAAABp-gXwQ9xjplpPzuvJYo3SzbVU04wdhmc0QMoVy_QYxfkQscu-ltiHrbhA5ZWXYOFLRWxJ7xMJHMJEgNigxP3wMdJF8hrpogeJ3P8qacxjkVnzipLdOo1ORsS2IBKmkikLRvkP',b'gAAAAABp-gXw3TE2c6FbHbqk8Q-EpMMGaEMuICzhr4r_Aee7QKpZE5_ro_PkiwgnSOi6G0em8b1ddQGBGrCj5ElhnKc_uR84SWoYJTM_VMtaNhSlc0c8EsCDud4sQYgHd4eW_2UkkIMH'
b'gAAAAABp-gbn4_YYkFSRmvReqMBpO-SrDHaS25GO7fMdx7rj03hyyoi8nRpLRpIfLFRlyqcO69S7ZeFennpRCeioT-SPPZJIosryJ2VNzAYE4LKZ_Jj9sBKIOGI3PJLI_mCmnSDn9HtV',b'gAAAAABp-gbnzkl3iNXmndMnf56gMyaR4iSrlju6I6Lt2akpkjpCv9SrazrVnstt9cwBM2w2mWQNZ603WQ52OyJk9xSSNhjkAQi1qe5r2WYrGl7Y3PDGoKtcZLdJ36wkxfJKKalT4QBy'
b'gAAAAABp-gmPWcAaAbhdhgKFUnjUw9WV2wqZqzZ17DXgwqgFDXakA-B9xFa1cWjn6vc7Pg-4lDwtDEwHy1ioXv-pTXYbfDYEMEioP_wToqzC1Wud7G_Dbpu-Oo4MlKx5InrzMPN6yJhA',b'gAAAAABp-gmPXoXLbPNtK-eVAdhJuT_qCPUGRauoSWJDFcasbFoTddxqwgOKtgD2w-wl7r5Zo897y2FU0O8Me2bPbFSiHGa0m2VkMrn9pphGdz3S8tEfU1kyCWHhvObeGEvX0SSqNar-'
b'gAAAAABp-hhk4LKQFQXVrlT6YiTuhvvSzrgtFSbpy8q6xx9k8DFHkZQwNKxFB3onbmVTUUUWpjAA1ahJrpT7WSBXFXggoKb2QWzOX-e13-F3aVRkMseuSOeaBc_rPpT3uU6dkJXcjpux',b'gAAAAABp-hhklM0IqNmVGUMjoBp6kUIPXmRjFGF3tHHLnylhEm0ORXWv3TzzypQwVYa-vx0cMOUpeA0YNWnHvcpES0k77DVzKthuyiaSawHagaeBJS_E8QxjkAjJFHSNUMOkwdgqu-N7'
